pos,mean_sfc
1,1.7444601603
6,0
11,0
16,83.1897475462
21,0
26,0
31,0
36,148.321975055
41,201.31584587
46,119.004757619
51,201.705884874
56,84.7370451331
61,0
66,0
71,412.048347692
76,357.794350864
81,336.530795937
86,0
